username,course1
student0,docker101
student1,docker101
student2,docker101
student3,docker101
student4,docker101
student5,docker101
student6,docker101
student7,docker101
student8,docker101
student9,docker101
student10,docker101
student11,docker101
student12,docker101
student13,docker101
student14,docker101
student15,docker101
student16,docker101
student17,docker101
student18,docker101
student19,docker101
student20,docker101
student21,docker101
student22,docker101
student23,docker101
student24,docker101
student25,docker101
student26,docker101
student27,docker101
student28,docker101
student29,docker101
student30,docker101
student31,docker101
student32,docker101
student33,docker101
student34,docker101
student35,docker101
student36,docker101
student37,docker101
student38,docker101
student39,docker101
student40,docker101
student41,docker101
student42,docker101
student43,docker101
student44,docker101
student45,docker101
student46,docker101
student47,docker101
student48,docker101
student49,docker101
student50,docker101
student51,docker101
student52,docker101
student53,docker101
student54,docker101
student55,docker101
student56,docker101
student57,docker101
student58,docker101
student59,docker101
student60,docker101
student61,docker101
student62,docker101
student63,docker101
student64,docker101
student65,docker101
student66,docker101
student67,docker101
student68,docker101
student69,docker101
student70,docker101
student71,docker101
student72,docker101
student73,docker101
student74,docker101
student75,docker101
student76,docker101
student77,docker101
student78,docker101
student79,docker101
student80,docker101
student81,docker101
student82,docker101
student83,docker101
student84,docker101
student85,docker101
student86,docker101
student87,docker101
student88,docker101
student89,docker101
student90,docker101
student91,docker101
student92,docker101
student93,docker101
student94,docker101
student95,docker101
student96,docker101
student97,docker101
student98,docker101
student99,docker101
student100,docker101
student101,docker101
student102,docker101
student103,docker101
student104,docker101
student105,docker101
student106,docker101
student107,docker101
student108,docker101
student109,docker101
student110,docker101
student111,docker101
student112,docker101
student113,docker101
student114,docker101
student115,docker101
student116,docker101
student117,docker101
student118,docker101
student119,docker101
student120,docker101
student121,docker101
student122,docker101
student123,docker101
student124,docker101
student125,docker101
student126,docker101
student127,docker101
student128,docker101
student129,docker101
student130,docker101
student131,docker101
student132,docker101
student133,docker101
student134,docker101
student135,docker101
student136,docker101
student137,docker101
student138,docker101
student139,docker101
student140,docker101
student141,docker101
student142,docker101
student143,docker101
student144,docker101
student145,docker101
student146,docker101
student147,docker101
student148,docker101
student149,docker101
student150,docker101
student151,docker101
student152,docker101
student153,docker101
student154,docker101
student155,docker101
student156,docker101
student157,docker101
student158,docker101
student159,docker101
student160,docker101
student161,docker101
student162,docker101
student163,docker101
student164,docker101
student165,docker101
student166,docker101
student167,docker101
student168,docker101
student169,docker101
student170,docker101
student171,docker101
student172,docker101
student173,docker101
student174,docker101
student175,docker101
student176,docker101
student177,docker101
student178,docker101
student179,docker101
student180,docker101
student181,docker101
student182,docker101
student183,docker101
student184,docker101
student185,docker101
student186,docker101
student187,docker101
student188,docker101
student189,docker101
student190,docker101
student191,docker101
student192,docker101
student193,docker101
student194,docker101
student195,docker101
student196,docker101
student197,docker101
student198,docker101
student199,docker101
student200,docker101
student201,docker101
student202,docker101
student203,docker101
student204,docker101
student205,docker101
student206,docker101
student207,docker101
student208,docker101
student209,docker101
student210,docker101
student211,docker101
student212,docker101
student213,docker101
student214,docker101
student215,docker101
student216,docker101
student217,docker101
student218,docker101
student219,docker101
student220,docker101
student221,docker101
student222,docker101
student223,docker101
student224,docker101
student225,docker101
student226,docker101
student227,docker101
student228,docker101
student229,docker101
student230,docker101
student231,docker101
student232,docker101
student233,docker101
student234,docker101
student235,docker101
student236,docker101
student237,docker101
student238,docker101
student239,docker101
student240,docker101
student241,docker101
student242,docker101
student243,docker101
student244,docker101
student245,docker101
student246,docker101
student247,docker101
student248,docker101
student249,docker101
student250,docker101
student251,docker101
student252,docker101
student253,docker101
student254,docker101
student255,docker101
student256,docker101
student257,docker101
student258,docker101
student259,docker101
student260,docker101
student261,docker101
student262,docker101
student263,docker101
student264,docker101
student265,docker101
student266,docker101
student267,docker101
student268,docker101
student269,docker101
student270,docker101
student271,docker101
student272,docker101
student273,docker101
student274,docker101
student275,docker101
student276,docker101
student277,docker101
student278,docker101
student279,docker101
student280,docker101
student281,docker101
student282,docker101
student283,docker101
student284,docker101
student285,docker101
student286,docker101
student287,docker101
student288,docker101
student289,docker101
student290,docker101
student291,docker101
student292,docker101
student293,docker101
student294,docker101
student295,docker101
student296,docker101
student297,docker101
student298,docker101
student299,docker101
student300,docker101
student301,docker101
student302,docker101
student303,docker101
student304,docker101
student305,docker101
student306,docker101
student307,docker101
student308,docker101
student309,docker101
student310,docker101
student311,docker101
student312,docker101
student313,docker101
student314,docker101
student315,docker101
student316,docker101
student317,docker101
student318,docker101
student319,docker101
student320,docker101
student321,docker101
student322,docker101
student323,docker101
student324,docker101
student325,docker101
student326,docker101
student327,docker101
student328,docker101
student329,docker101
student330,docker101
student331,docker101
student332,docker101
student333,docker101
student334,docker101
student335,docker101
student336,docker101
student337,docker101
student338,docker101
student339,docker101
student340,docker101
student341,docker101
student342,docker101
student343,docker101
student344,docker101
student345,docker101
student346,docker101
student347,docker101
student348,docker101
student349,docker101
student350,docker101
student351,docker101
student352,docker101
student353,docker101
student354,docker101
student355,docker101
student356,docker101
student357,docker101
student358,docker101
student359,docker101
student360,docker101
student361,docker101
student362,docker101
student363,docker101
student364,docker101
student365,docker101
student366,docker101
student367,docker101
student368,docker101
student369,docker101
student370,docker101
student371,docker101
student372,docker101
student373,docker101
student374,docker101
student375,docker101
student376,docker101
student377,docker101
student378,docker101
student379,docker101
student380,docker101
student381,docker101
student382,docker101
student383,docker101
student384,docker101
student385,docker101
student386,docker101
student387,docker101
student388,docker101
student389,docker101
student390,docker101
student391,docker101
student392,docker101
student393,docker101
student394,docker101
student395,docker101
student396,docker101
student397,docker101
student398,docker101
student399,docker101
student400,docker101
student401,docker101
student402,docker101
student403,docker101
student404,docker101
student405,docker101
student406,docker101
student407,docker101
student408,docker101
student409,docker101
student410,docker101
student411,docker101
student412,docker101
student413,docker101
student414,docker101
student415,docker101
student416,docker101
student417,docker101
student418,docker101
student419,docker101
student420,docker101
student421,docker101
student422,docker101
student423,docker101
student424,docker101
student425,docker101
student426,docker101
student427,docker101
student428,docker101
student429,docker101
student430,docker101
student431,docker101
student432,docker101
student433,docker101
student434,docker101
student435,docker101
student436,docker101
student437,docker101
student438,docker101
student439,docker101
student440,docker101
student441,docker101
student442,docker101
student443,docker101
student444,docker101
student445,docker101
student446,docker101
student447,docker101
student448,docker101
student449,docker101
student450,docker101
student451,docker101
student452,docker101
student453,docker101
student454,docker101
student455,docker101
student456,docker101
student457,docker101
student458,docker101
student459,docker101
student460,docker101
student461,docker101
student462,docker101
student463,docker101
student464,docker101
student465,docker101
student466,docker101
student467,docker101
student468,docker101
student469,docker101
student470,docker101
student471,docker101
student472,docker101
student473,docker101
student474,docker101
student475,docker101
student476,docker101
student477,docker101
student478,docker101
student479,docker101
student480,docker101
student481,docker101
student482,docker101
student483,docker101
student484,docker101
student485,docker101
student486,docker101
student487,docker101
student488,docker101
student489,docker101
student490,docker101
student491,docker101
student492,docker101
student493,docker101
student494,docker101
student495,docker101
student496,docker101
student497,docker101
student498,docker101
student499,docker101
student500,docker101
student501,docker101
student502,docker101
student503,docker101
student504,docker101
student505,docker101
student506,docker101
student507,docker101
student508,docker101
student509,docker101
student510,docker101
student511,docker101
student512,docker101
student513,docker101
student514,docker101
student515,docker101
student516,docker101
student517,docker101
student518,docker101
student519,docker101
student520,docker101
student521,docker101
student522,docker101
student523,docker101
student524,docker101
student525,docker101
student526,docker101
student527,docker101
student528,docker101
student529,docker101
student530,docker101
student531,docker101
student532,docker101
student533,docker101
student534,docker101
student535,docker101
student536,docker101
student537,docker101
student538,docker101
student539,docker101
student540,docker101
student541,docker101
student542,docker101
student543,docker101
student544,docker101
student545,docker101
student546,docker101
student547,docker101
student548,docker101
student549,docker101
student550,docker101
student551,docker101
student552,docker101
student553,docker101
student554,docker101
student555,docker101
student556,docker101
student557,docker101
student558,docker101
student559,docker101
student560,docker101
student561,docker101
student562,docker101
student563,docker101
student564,docker101
student565,docker101
student566,docker101
student567,docker101
student568,docker101
student569,docker101
student570,docker101
student571,docker101
student572,docker101
student573,docker101
student574,docker101
student575,docker101
student576,docker101
student577,docker101
student578,docker101
student579,docker101
student580,docker101
student581,docker101
student582,docker101
student583,docker101
student584,docker101
student585,docker101
student586,docker101
student587,docker101
student588,docker101
student589,docker101
student590,docker101
student591,docker101
student592,docker101
student593,docker101
student594,docker101
student595,docker101
student596,docker101
student597,docker101
student598,docker101
student599,docker101
student600,docker101
student601,docker101
student602,docker101
student603,docker101
student604,docker101
student605,docker101
student606,docker101
student607,docker101
student608,docker101
student609,docker101
student610,docker101
student611,docker101
student612,docker101
student613,docker101
student614,docker101
student615,docker101
student616,docker101
student617,docker101
student618,docker101
student619,docker101
student620,docker101
student621,docker101
student622,docker101
student623,docker101
student624,docker101
student625,docker101
student626,docker101
student627,docker101
student628,docker101
student629,docker101
student630,docker101
student631,docker101
student632,docker101
student633,docker101
student634,docker101
student635,docker101
student636,docker101
student637,docker101
student638,docker101
student639,docker101
student640,docker101
student641,docker101
student642,docker101
student643,docker101
student644,docker101
student645,docker101
student646,docker101
student647,docker101
student648,docker101
student649,docker101
student650,docker101
student651,docker101
student652,docker101
student653,docker101
student654,docker101
student655,docker101
student656,docker101
student657,docker101
student658,docker101
student659,docker101
student660,docker101
student661,docker101
student662,docker101
student663,docker101
student664,docker101
student665,docker101
student666,docker101
student667,docker101
student668,docker101
student669,docker101
student670,docker101
student671,docker101
student672,docker101
student673,docker101
student674,docker101
student675,docker101
student676,docker101
student677,docker101
student678,docker101
student679,docker101
student680,docker101
student681,docker101
student682,docker101
student683,docker101
student684,docker101
student685,docker101
student686,docker101
student687,docker101
student688,docker101
student689,docker101
student690,docker101
student691,docker101
student692,docker101
student693,docker101
student694,docker101
student695,docker101
student696,docker101
student697,docker101
student698,docker101
student699,docker101
student700,docker101
student701,docker101
student702,docker101
student703,docker101
student704,docker101
student705,docker101
student706,docker101
student707,docker101
student708,docker101
student709,docker101
student710,docker101
student711,docker101
student712,docker101
student713,docker101
student714,docker101
student715,docker101
student716,docker101
student717,docker101
student718,docker101
student719,docker101
student720,docker101
student721,docker101
student722,docker101
student723,docker101
student724,docker101
student725,docker101
student726,docker101
student727,docker101
student728,docker101
student729,docker101
student730,docker101
student731,docker101
student732,docker101
student733,docker101
student734,docker101
student735,docker101
student736,docker101
student737,docker101
student738,docker101
student739,docker101
student740,docker101
student741,docker101
student742,docker101
student743,docker101
student744,docker101
student745,docker101
student746,docker101
student747,docker101
student748,docker101
student749,docker101
student750,docker101
student751,docker101
student752,docker101
student753,docker101
student754,docker101
student755,docker101
student756,docker101
student757,docker101
student758,docker101
student759,docker101
student760,docker101
student761,docker101
student762,docker101
student763,docker101
student764,docker101
student765,docker101
student766,docker101
student767,docker101
student768,docker101
student769,docker101
student770,docker101
student771,docker101
student772,docker101
student773,docker101
student774,docker101
student775,docker101
student776,docker101
student777,docker101
student778,docker101
student779,docker101
student780,docker101
student781,docker101
student782,docker101
student783,docker101
student784,docker101
student785,docker101
student786,docker101
student787,docker101
student788,docker101
student789,docker101
student790,docker101
student791,docker101
student792,docker101
student793,docker101
student794,docker101
student795,docker101
student796,docker101
student797,docker101
student798,docker101
student799,docker101
student800,docker101
student801,docker101
student802,docker101
student803,docker101
student804,docker101
student805,docker101
student806,docker101
student807,docker101
student808,docker101
student809,docker101
student810,docker101
student811,docker101
student812,docker101
student813,docker101
student814,docker101
student815,docker101
student816,docker101
student817,docker101
student818,docker101
student819,docker101
student820,docker101
student821,docker101
student822,docker101
student823,docker101
student824,docker101
student825,docker101
student826,docker101
student827,docker101
student828,docker101
student829,docker101
student830,docker101
student831,docker101
student832,docker101
student833,docker101
student834,docker101
student835,docker101
student836,docker101
student837,docker101
student838,docker101
student839,docker101
student840,docker101
student841,docker101
student842,docker101
student843,docker101
student844,docker101
student845,docker101
student846,docker101
student847,docker101
student848,docker101
student849,docker101
student850,docker101
student851,docker101
student852,docker101
student853,docker101
student854,docker101
student855,docker101
student856,docker101
student857,docker101
student858,docker101
student859,docker101
student860,docker101
student861,docker101
student862,docker101
student863,docker101
student864,docker101
student865,docker101
student866,docker101
student867,docker101
student868,docker101
student869,docker101
student870,docker101
student871,docker101
student872,docker101
student873,docker101
student874,docker101
student875,docker101
student876,docker101
student877,docker101
student878,docker101
student879,docker101
student880,docker101
student881,docker101
student882,docker101
student883,docker101
student884,docker101
student885,docker101
student886,docker101
student887,docker101
student888,docker101
student889,docker101
student890,docker101
student891,docker101
student892,docker101
student893,docker101
student894,docker101
student895,docker101
student896,docker101
student897,docker101
student898,docker101
student899,docker101
student900,docker101
student901,docker101
student902,docker101
student903,docker101
student904,docker101
student905,docker101
student906,docker101
student907,docker101
student908,docker101
student909,docker101
student910,docker101
student911,docker101
student912,docker101
student913,docker101
student914,docker101
student915,docker101
student916,docker101
student917,docker101
student918,docker101
student919,docker101
student920,docker101
student921,docker101
student922,docker101
student923,docker101
student924,docker101
student925,docker101
student926,docker101
student927,docker101
student928,docker101
student929,docker101
student930,docker101
student931,docker101
student932,docker101
student933,docker101
student934,docker101
student935,docker101
student936,docker101
student937,docker101
student938,docker101
student939,docker101
student940,docker101
student941,docker101
student942,docker101
student943,docker101
student944,docker101
student945,docker101
student946,docker101
student947,docker101
student948,docker101
student949,docker101
student950,docker101
student951,docker101
student952,docker101
student953,docker101
student954,docker101
student955,docker101
student956,docker101
student957,docker101
student958,docker101
student959,docker101
student960,docker101
student961,docker101
student962,docker101
student963,docker101
student964,docker101
student965,docker101
student966,docker101
student967,docker101
student968,docker101
student969,docker101
student970,docker101
student971,docker101
student972,docker101
student973,docker101
student974,docker101
student975,docker101
student976,docker101
student977,docker101
student978,docker101
student979,docker101
student980,docker101
student981,docker101
student982,docker101
student983,docker101
student984,docker101
student985,docker101
student986,docker101
student987,docker101
student988,docker101
student989,docker101
student990,docker101
student991,docker101
student992,docker101
student993,docker101
student994,docker101
student995,docker101
student996,docker101
student997,docker101
student998,docker101
student999,docker101