student8,123
student9,123
student10,123
student11,123
student12,123
student13,123
student14,123
student15,123
student16,123
student17,123
student18,123
student19,123
student20,123
student21,123
student22,123
student23,123
student24,123
student25,123
student26,123
student27,123
student28,123
student29,123
student30,123
student31,123
student32,123
student33,123
student34,123
student35,123
student36,123
student37,123
student38,123
student39,123
student40,123
student41,123
student42,123
student43,123
student44,123
student45,123
student46,123
student47,123
student48,123
student49,123
student50,123
student51,123
student52,123
student53,123
student54,123
student55,123
student56,123
student57,123
student58,123
student59,123
student60,123
student61,123
student62,123
student63,123
student64,123
student65,123
student66,123
student67,123
student68,123
student69,123
student70,123
student71,123
student72,123
student73,123
student74,123
student75,123
student76,123
student77,123
student78,123
student79,123
student80,123
student81,123
student82,123
student83,123
student84,123
student85,123
student86,123
student87,123
student88,123
student89,123
student90,123
student91,123
student92,123
student93,123
student94,123
student95,123
student96,123
student97,123
student98,123
student99,123
student100,123
student101,123
student102,123
student103,123
student104,123
student105,123
student106,123
student107,123
student108,123
student109,123
student110,123
student111,123
student112,123
student113,123
student114,123
student115,123
student116,123
student117,123
student118,123
student119,123
student120,123
student121,123
student122,123
student123,123
student124,123
student125,123
student126,123
student127,123
student128,123
student129,123
student130,123
student131,123
student132,123
student133,123
student134,123
student135,123
student136,123
student137,123
student138,123
student139,123
student140,123
student141,123
student142,123
student143,123
student144,123
student145,123
student146,123
student147,123
student148,123
student149,123
student150,123
student151,123
student152,123
student153,123
student154,123
student155,123
student156,123
student157,123
student158,123
student159,123
student160,123
student161,123
student162,123
student163,123
student164,123
student165,123
student166,123
student167,123
student168,123
student169,123
student170,123
student171,123
student172,123
student173,123
student174,123
student175,123
student176,123
student177,123
student178,123
student179,123
student180,123
student181,123
student182,123
student183,123
student184,123
student185,123
student186,123
student187,123
student188,123
student189,123
student190,123
student191,123
student192,123
student193,123
student194,123
student195,123
student196,123
student197,123
student198,123
student199,123
student200,123
student201,123
student202,123
student203,123
student204,123
student205,123
student206,123
student207,123
student208,123
student209,123
student210,123
student211,123
student212,123
student213,123
student214,123
student215,123
student216,123
student217,123
student218,123
student219,123
student220,123
student221,123
student222,123
student223,123
student224,123
student225,123
student226,123
student227,123
student228,123
student229,123
student230,123
student231,123
student232,123
student233,123
student234,123
student235,123
student236,123
student237,123
student238,123
student239,123
student240,123
student241,123
student242,123
student243,123
student244,123
student245,123
student246,123
student247,123
student248,123
student249,123
student250,123
student251,123
student252,123
student253,123
student254,123
student255,123
student256,123
student257,123
student258,123
student259,123
student260,123
student261,123
student262,123
student263,123
student264,123
student265,123
student266,123
student267,123
student268,123
student269,123
student270,123
student271,123
student272,123
student273,123
student274,123
student275,123
student276,123
student277,123
student278,123
student279,123
student280,123
student281,123
student282,123
student283,123
student284,123
student285,123
student286,123
student287,123
student288,123
student289,123
student290,123
student291,123
student292,123
student293,123
student294,123
student295,123
student296,123
student297,123
student298,123
student299,123
student300,123
student301,123
student302,123
student303,123
student304,123
student305,123
student306,123
student307,123
student308,123
student309,123
student310,123
student311,123
student312,123
student313,123
student314,123
student315,123
student316,123
student317,123
student318,123
student319,123
student320,123
student321,123
student322,123
student323,123
student324,123
student325,123
student326,123
student327,123
student328,123
student329,123
student330,123
student331,123
student332,123
student333,123
student334,123
student335,123
student336,123
student337,123
student338,123
student339,123
student340,123
student341,123
student342,123
student343,123
student344,123
student345,123
student346,123
student347,123
student348,123
student349,123
student350,123
student351,123
student352,123
student353,123
student354,123
student355,123
student356,123
student357,123
student358,123
student359,123
student360,123
student361,123
student362,123
student363,123
student364,123
student365,123
student366,123
student367,123
student368,123
student369,123
student370,123
student371,123
student372,123
student373,123
student374,123
student375,123
student376,123
student377,123
student378,123
student379,123
student380,123
student381,123
student382,123
student383,123
student384,123
student385,123
student386,123
student387,123
student388,123
student389,123
student390,123
student391,123
student392,123
student393,123
student394,123
student395,123
student396,123
student397,123
student398,123
student399,123
student400,123
student401,123
student402,123
student403,123
student404,123
student405,123
student406,123
student407,123
student408,123
student409,123
student410,123
student411,123
student412,123
student413,123
student414,123
student415,123
student416,123
student417,123
student418,123
student419,123
student420,123
student421,123
student422,123
student423,123
student424,123
student425,123
student426,123
student427,123
student428,123
student429,123
student430,123
student431,123
student432,123
student433,123
student434,123
student435,123
student436,123
student437,123
student438,123
student439,123
student440,123
student441,123
student442,123
student443,123
student444,123
student445,123
student446,123
student447,123
student448,123
student449,123
student450,123
student451,123
student452,123
student453,123
student454,123
student455,123
student456,123
student457,123
student458,123
student459,123
student460,123
student461,123
student462,123
student463,123
student464,123
student465,123
student466,123
student467,123
student468,123
student469,123
student470,123
student471,123
student472,123
student473,123
student474,123
student475,123
student476,123
student477,123
student478,123
student479,123
student480,123
student481,123
student482,123
student483,123
student484,123
student485,123
student486,123
student487,123
student488,123
student489,123
student490,123
student491,123
student492,123
student493,123
student494,123
student495,123
student496,123
student497,123
student498,123
student499,123
student500,123
student501,123
student502,123
student503,123
student504,123
student505,123
student506,123
student507,123
student508,123
student509,123
student510,123
student511,123
student512,123
student513,123
student514,123
student515,123
student516,123
student517,123
student518,123
student519,123
student520,123
student521,123
student522,123
student523,123
student524,123
student525,123
student526,123
student527,123
student528,123
student529,123
student530,123
student531,123
student532,123
student533,123
student534,123
student535,123
student536,123
student537,123
student538,123
student539,123
student540,123
student541,123
student542,123
student543,123
student544,123
student545,123
student546,123
student547,123
student548,123
student549,123
student550,123
student551,123
student552,123
student553,123
student554,123
student555,123
student556,123
student557,123
student558,123
student559,123
student560,123
student561,123
student562,123
student563,123
student564,123
student565,123
student566,123
student567,123
student568,123
student569,123
student570,123
student571,123
student572,123
student573,123
student574,123
student575,123
student576,123
student577,123
student578,123
student579,123
student580,123
student581,123
student582,123
student583,123
student584,123
student585,123
student586,123
student587,123
student588,123
student589,123
student590,123
student591,123
student592,123
student593,123
student594,123
student595,123
student596,123
student597,123
student598,123
student599,123
student600,123
student601,123
student602,123
student603,123
student604,123
student605,123
student606,123
student607,123
student608,123
student609,123
student610,123
student611,123
student612,123
student613,123
student614,123
student615,123
student616,123
student617,123
student618,123
student619,123
student620,123
student621,123
student622,123
student623,123
student624,123
student625,123
student626,123
student627,123
student628,123
student629,123
student630,123
student631,123
student632,123
student633,123
student634,123
student635,123
student636,123
student637,123
student638,123
student639,123
student640,123
student641,123
student642,123
student643,123
student644,123
student645,123
student646,123
student647,123
student648,123
student649,123
student650,123
student651,123
student652,123
student653,123
student654,123
student655,123
student656,123
student657,123
student658,123
student659,123
student660,123
student661,123
student662,123
student663,123
student664,123
student665,123
student666,123
student667,123
student668,123
student669,123
student670,123
student671,123
student672,123
student673,123
student674,123
student675,123
student676,123
student677,123
student678,123
student679,123
student680,123
student681,123
student682,123
student683,123
student684,123
student685,123
student686,123
student687,123
student688,123
student689,123
student690,123
student691,123
student692,123
student693,123
student694,123
student695,123
student696,123
student697,123
student698,123
student699,123
student700,123
student701,123
student702,123
student703,123
student704,123
student705,123
student706,123
student707,123
student708,123
student709,123
student710,123
student711,123
student712,123
student713,123
student714,123
student715,123
student716,123
student717,123
student718,123
student719,123
student720,123
student721,123
student722,123
student723,123
student724,123
student725,123
student726,123
student727,123
student728,123
student729,123
student730,123
student731,123
student732,123
student733,123
student734,123
student735,123
student736,123
student737,123
student738,123
student739,123
student740,123
student741,123
student742,123
student743,123
student744,123
student745,123
student746,123
student747,123
student748,123
student749,123
student750,123
student751,123
student752,123
student753,123
student754,123
student755,123
student756,123
student757,123
student758,123
student759,123
student760,123
student761,123
student762,123
student763,123
student764,123
student765,123
student766,123
student767,123
student768,123
student769,123
student770,123
student771,123
student772,123
student773,123
student774,123
student775,123
student776,123
student777,123
student778,123
student779,123
student780,123
student781,123
student782,123
student783,123
student784,123
student785,123
student786,123
student787,123
student788,123
student789,123
student790,123
student791,123
student792,123
student793,123
student794,123
student795,123
student796,123
student797,123
student798,123
student799,123
student800,123
student801,123
student802,123
student803,123
student804,123
student805,123
student806,123
student807,123
student808,123
student809,123
student810,123
student811,123
student812,123
student813,123
student814,123
student815,123
student816,123
student817,123
student818,123
student819,123
student820,123
student821,123
student822,123
student823,123
student824,123
student825,123
student826,123
student827,123
student828,123
student829,123
student830,123
student831,123
student832,123
student833,123
student834,123
student835,123
student836,123
student837,123
student838,123
student839,123
student840,123
student841,123
student842,123
student843,123
student844,123
student845,123
student846,123
student847,123
student848,123
student849,123
student850,123
student851,123
student852,123
student853,123
student854,123
student855,123
student856,123
student857,123
student858,123
student859,123
student860,123
student861,123
student862,123
student863,123
student864,123
student865,123
student866,123
student867,123
student868,123
student869,123
student870,123
student871,123
student872,123
student873,123
student874,123
student875,123
student876,123
student877,123
student878,123
student879,123
student880,123
student881,123
student882,123
student883,123
student884,123
student885,123
student886,123
student887,123
student888,123
student889,123
student890,123
student891,123
student892,123
student893,123
student894,123
student895,123
student896,123
student897,123
student898,123
student899,123
student900,123
student901,123
student902,123
student903,123
student904,123
student905,123
student906,123
student907,123
student908,123
student909,123
student910,123
student911,123
student912,123
student913,123
student914,123
student915,123
student916,123
student917,123
student918,123
student919,123
student920,123
student921,123
student922,123
student923,123
student924,123
student925,123
student926,123
student927,123
student928,123
student929,123
student930,123
student931,123
student932,123
student933,123
student934,123
student935,123
student936,123
student937,123
student938,123
student939,123
student940,123
student941,123
student942,123
student943,123
student944,123
student945,123
student946,123
student947,123
student948,123
student949,123
student950,123
student951,123
student952,123
student953,123
student954,123
student955,123
student956,123
student957,123
student958,123
student959,123
student960,123
student961,123
student962,123
student963,123
student964,123
student965,123
student966,123
student967,123
student968,123
student969,123
student970,123
student971,123
student972,123
student973,123
student974,123
student975,123
student976,123
student977,123
student978,123
student979,123
student980,123
student981,123
student982,123
student983,123
student984,123
student985,123
student986,123
student987,123
student988,123
student989,123
student990,123
student991,123
student992,123
student993,123
student994,123
student995,123
student996,123
student997,123
student998,123
student999,123
