username,firstname,lastname,password,email
student0,student0,.,123,student0@mdlcontainer.must.edu.eg
student1,student1,.,123,student1@mdlcontainer.must.edu.eg
student2,student2,.,123,student2@mdlcontainer.must.edu.eg
student3,student3,.,123,student3@mdlcontainer.must.edu.eg
student4,student4,.,123,student4@mdlcontainer.must.edu.eg
student5,student5,.,123,student5@mdlcontainer.must.edu.eg
student6,student6,.,123,student6@mdlcontainer.must.edu.eg
student7,student7,.,123,student7@mdlcontainer.must.edu.eg
student8,student8,.,123,student8@mdlcontainer.must.edu.eg
student9,student9,.,123,student9@mdlcontainer.must.edu.eg
student10,student10,.,123,student10@mdlcontainer.must.edu.eg
student11,student11,.,123,student11@mdlcontainer.must.edu.eg
student12,student12,.,123,student12@mdlcontainer.must.edu.eg
student13,student13,.,123,student13@mdlcontainer.must.edu.eg
student14,student14,.,123,student14@mdlcontainer.must.edu.eg
student15,student15,.,123,student15@mdlcontainer.must.edu.eg
student16,student16,.,123,student16@mdlcontainer.must.edu.eg
student17,student17,.,123,student17@mdlcontainer.must.edu.eg
student18,student18,.,123,student18@mdlcontainer.must.edu.eg
student19,student19,.,123,student19@mdlcontainer.must.edu.eg
student20,student20,.,123,student20@mdlcontainer.must.edu.eg
student21,student21,.,123,student21@mdlcontainer.must.edu.eg
student22,student22,.,123,student22@mdlcontainer.must.edu.eg
student23,student23,.,123,student23@mdlcontainer.must.edu.eg
student24,student24,.,123,student24@mdlcontainer.must.edu.eg
student25,student25,.,123,student25@mdlcontainer.must.edu.eg
student26,student26,.,123,student26@mdlcontainer.must.edu.eg
student27,student27,.,123,student27@mdlcontainer.must.edu.eg
student28,student28,.,123,student28@mdlcontainer.must.edu.eg
student29,student29,.,123,student29@mdlcontainer.must.edu.eg
student30,student30,.,123,student30@mdlcontainer.must.edu.eg
student31,student31,.,123,student31@mdlcontainer.must.edu.eg
student32,student32,.,123,student32@mdlcontainer.must.edu.eg
student33,student33,.,123,student33@mdlcontainer.must.edu.eg
student34,student34,.,123,student34@mdlcontainer.must.edu.eg
student35,student35,.,123,student35@mdlcontainer.must.edu.eg
student36,student36,.,123,student36@mdlcontainer.must.edu.eg
student37,student37,.,123,student37@mdlcontainer.must.edu.eg
student38,student38,.,123,student38@mdlcontainer.must.edu.eg
student39,student39,.,123,student39@mdlcontainer.must.edu.eg
student40,student40,.,123,student40@mdlcontainer.must.edu.eg
student41,student41,.,123,student41@mdlcontainer.must.edu.eg
student42,student42,.,123,student42@mdlcontainer.must.edu.eg
student43,student43,.,123,student43@mdlcontainer.must.edu.eg
student44,student44,.,123,student44@mdlcontainer.must.edu.eg
student45,student45,.,123,student45@mdlcontainer.must.edu.eg
student46,student46,.,123,student46@mdlcontainer.must.edu.eg
student47,student47,.,123,student47@mdlcontainer.must.edu.eg
student48,student48,.,123,student48@mdlcontainer.must.edu.eg
student49,student49,.,123,student49@mdlcontainer.must.edu.eg
student50,student50,.,123,student50@mdlcontainer.must.edu.eg
student51,student51,.,123,student51@mdlcontainer.must.edu.eg
student52,student52,.,123,student52@mdlcontainer.must.edu.eg
student53,student53,.,123,student53@mdlcontainer.must.edu.eg
student54,student54,.,123,student54@mdlcontainer.must.edu.eg
student55,student55,.,123,student55@mdlcontainer.must.edu.eg
student56,student56,.,123,student56@mdlcontainer.must.edu.eg
student57,student57,.,123,student57@mdlcontainer.must.edu.eg
student58,student58,.,123,student58@mdlcontainer.must.edu.eg
student59,student59,.,123,student59@mdlcontainer.must.edu.eg
student60,student60,.,123,student60@mdlcontainer.must.edu.eg
student61,student61,.,123,student61@mdlcontainer.must.edu.eg
student62,student62,.,123,student62@mdlcontainer.must.edu.eg
student63,student63,.,123,student63@mdlcontainer.must.edu.eg
student64,student64,.,123,student64@mdlcontainer.must.edu.eg
student65,student65,.,123,student65@mdlcontainer.must.edu.eg
student66,student66,.,123,student66@mdlcontainer.must.edu.eg
student67,student67,.,123,student67@mdlcontainer.must.edu.eg
student68,student68,.,123,student68@mdlcontainer.must.edu.eg
student69,student69,.,123,student69@mdlcontainer.must.edu.eg
student70,student70,.,123,student70@mdlcontainer.must.edu.eg
student71,student71,.,123,student71@mdlcontainer.must.edu.eg
student72,student72,.,123,student72@mdlcontainer.must.edu.eg
student73,student73,.,123,student73@mdlcontainer.must.edu.eg
student74,student74,.,123,student74@mdlcontainer.must.edu.eg
student75,student75,.,123,student75@mdlcontainer.must.edu.eg
student76,student76,.,123,student76@mdlcontainer.must.edu.eg
student77,student77,.,123,student77@mdlcontainer.must.edu.eg
student78,student78,.,123,student78@mdlcontainer.must.edu.eg
student79,student79,.,123,student79@mdlcontainer.must.edu.eg
student80,student80,.,123,student80@mdlcontainer.must.edu.eg
student81,student81,.,123,student81@mdlcontainer.must.edu.eg
student82,student82,.,123,student82@mdlcontainer.must.edu.eg
student83,student83,.,123,student83@mdlcontainer.must.edu.eg
student84,student84,.,123,student84@mdlcontainer.must.edu.eg
student85,student85,.,123,student85@mdlcontainer.must.edu.eg
student86,student86,.,123,student86@mdlcontainer.must.edu.eg
student87,student87,.,123,student87@mdlcontainer.must.edu.eg
student88,student88,.,123,student88@mdlcontainer.must.edu.eg
student89,student89,.,123,student89@mdlcontainer.must.edu.eg
student90,student90,.,123,student90@mdlcontainer.must.edu.eg
student91,student91,.,123,student91@mdlcontainer.must.edu.eg
student92,student92,.,123,student92@mdlcontainer.must.edu.eg
student93,student93,.,123,student93@mdlcontainer.must.edu.eg
student94,student94,.,123,student94@mdlcontainer.must.edu.eg
student95,student95,.,123,student95@mdlcontainer.must.edu.eg
student96,student96,.,123,student96@mdlcontainer.must.edu.eg
student97,student97,.,123,student97@mdlcontainer.must.edu.eg
student98,student98,.,123,student98@mdlcontainer.must.edu.eg
student99,student99,.,123,student99@mdlcontainer.must.edu.eg
student100,student100,.,123,student100@mdlcontainer.must.edu.eg
student101,student101,.,123,student101@mdlcontainer.must.edu.eg
student102,student102,.,123,student102@mdlcontainer.must.edu.eg
student103,student103,.,123,student103@mdlcontainer.must.edu.eg
student104,student104,.,123,student104@mdlcontainer.must.edu.eg
student105,student105,.,123,student105@mdlcontainer.must.edu.eg
student106,student106,.,123,student106@mdlcontainer.must.edu.eg
student107,student107,.,123,student107@mdlcontainer.must.edu.eg
student108,student108,.,123,student108@mdlcontainer.must.edu.eg
student109,student109,.,123,student109@mdlcontainer.must.edu.eg
student110,student110,.,123,student110@mdlcontainer.must.edu.eg
student111,student111,.,123,student111@mdlcontainer.must.edu.eg
student112,student112,.,123,student112@mdlcontainer.must.edu.eg
student113,student113,.,123,student113@mdlcontainer.must.edu.eg
student114,student114,.,123,student114@mdlcontainer.must.edu.eg
student115,student115,.,123,student115@mdlcontainer.must.edu.eg
student116,student116,.,123,student116@mdlcontainer.must.edu.eg
student117,student117,.,123,student117@mdlcontainer.must.edu.eg
student118,student118,.,123,student118@mdlcontainer.must.edu.eg
student119,student119,.,123,student119@mdlcontainer.must.edu.eg
student120,student120,.,123,student120@mdlcontainer.must.edu.eg
student121,student121,.,123,student121@mdlcontainer.must.edu.eg
student122,student122,.,123,student122@mdlcontainer.must.edu.eg
student123,student123,.,123,student123@mdlcontainer.must.edu.eg
student124,student124,.,123,student124@mdlcontainer.must.edu.eg
student125,student125,.,123,student125@mdlcontainer.must.edu.eg
student126,student126,.,123,student126@mdlcontainer.must.edu.eg
student127,student127,.,123,student127@mdlcontainer.must.edu.eg
student128,student128,.,123,student128@mdlcontainer.must.edu.eg
student129,student129,.,123,student129@mdlcontainer.must.edu.eg
student130,student130,.,123,student130@mdlcontainer.must.edu.eg
student131,student131,.,123,student131@mdlcontainer.must.edu.eg
student132,student132,.,123,student132@mdlcontainer.must.edu.eg
student133,student133,.,123,student133@mdlcontainer.must.edu.eg
student134,student134,.,123,student134@mdlcontainer.must.edu.eg
student135,student135,.,123,student135@mdlcontainer.must.edu.eg
student136,student136,.,123,student136@mdlcontainer.must.edu.eg
student137,student137,.,123,student137@mdlcontainer.must.edu.eg
student138,student138,.,123,student138@mdlcontainer.must.edu.eg
student139,student139,.,123,student139@mdlcontainer.must.edu.eg
student140,student140,.,123,student140@mdlcontainer.must.edu.eg
student141,student141,.,123,student141@mdlcontainer.must.edu.eg
student142,student142,.,123,student142@mdlcontainer.must.edu.eg
student143,student143,.,123,student143@mdlcontainer.must.edu.eg
student144,student144,.,123,student144@mdlcontainer.must.edu.eg
student145,student145,.,123,student145@mdlcontainer.must.edu.eg
student146,student146,.,123,student146@mdlcontainer.must.edu.eg
student147,student147,.,123,student147@mdlcontainer.must.edu.eg
student148,student148,.,123,student148@mdlcontainer.must.edu.eg
student149,student149,.,123,student149@mdlcontainer.must.edu.eg
student150,student150,.,123,student150@mdlcontainer.must.edu.eg
student151,student151,.,123,student151@mdlcontainer.must.edu.eg
student152,student152,.,123,student152@mdlcontainer.must.edu.eg
student153,student153,.,123,student153@mdlcontainer.must.edu.eg
student154,student154,.,123,student154@mdlcontainer.must.edu.eg
student155,student155,.,123,student155@mdlcontainer.must.edu.eg
student156,student156,.,123,student156@mdlcontainer.must.edu.eg
student157,student157,.,123,student157@mdlcontainer.must.edu.eg
student158,student158,.,123,student158@mdlcontainer.must.edu.eg
student159,student159,.,123,student159@mdlcontainer.must.edu.eg
student160,student160,.,123,student160@mdlcontainer.must.edu.eg
student161,student161,.,123,student161@mdlcontainer.must.edu.eg
student162,student162,.,123,student162@mdlcontainer.must.edu.eg
student163,student163,.,123,student163@mdlcontainer.must.edu.eg
student164,student164,.,123,student164@mdlcontainer.must.edu.eg
student165,student165,.,123,student165@mdlcontainer.must.edu.eg
student166,student166,.,123,student166@mdlcontainer.must.edu.eg
student167,student167,.,123,student167@mdlcontainer.must.edu.eg
student168,student168,.,123,student168@mdlcontainer.must.edu.eg
student169,student169,.,123,student169@mdlcontainer.must.edu.eg
student170,student170,.,123,student170@mdlcontainer.must.edu.eg
student171,student171,.,123,student171@mdlcontainer.must.edu.eg
student172,student172,.,123,student172@mdlcontainer.must.edu.eg
student173,student173,.,123,student173@mdlcontainer.must.edu.eg
student174,student174,.,123,student174@mdlcontainer.must.edu.eg
student175,student175,.,123,student175@mdlcontainer.must.edu.eg
student176,student176,.,123,student176@mdlcontainer.must.edu.eg
student177,student177,.,123,student177@mdlcontainer.must.edu.eg
student178,student178,.,123,student178@mdlcontainer.must.edu.eg
student179,student179,.,123,student179@mdlcontainer.must.edu.eg
student180,student180,.,123,student180@mdlcontainer.must.edu.eg
student181,student181,.,123,student181@mdlcontainer.must.edu.eg
student182,student182,.,123,student182@mdlcontainer.must.edu.eg
student183,student183,.,123,student183@mdlcontainer.must.edu.eg
student184,student184,.,123,student184@mdlcontainer.must.edu.eg
student185,student185,.,123,student185@mdlcontainer.must.edu.eg
student186,student186,.,123,student186@mdlcontainer.must.edu.eg
student187,student187,.,123,student187@mdlcontainer.must.edu.eg
student188,student188,.,123,student188@mdlcontainer.must.edu.eg
student189,student189,.,123,student189@mdlcontainer.must.edu.eg
student190,student190,.,123,student190@mdlcontainer.must.edu.eg
student191,student191,.,123,student191@mdlcontainer.must.edu.eg
student192,student192,.,123,student192@mdlcontainer.must.edu.eg
student193,student193,.,123,student193@mdlcontainer.must.edu.eg
student194,student194,.,123,student194@mdlcontainer.must.edu.eg
student195,student195,.,123,student195@mdlcontainer.must.edu.eg
student196,student196,.,123,student196@mdlcontainer.must.edu.eg
student197,student197,.,123,student197@mdlcontainer.must.edu.eg
student198,student198,.,123,student198@mdlcontainer.must.edu.eg
student199,student199,.,123,student199@mdlcontainer.must.edu.eg
student200,student200,.,123,student200@mdlcontainer.must.edu.eg
student201,student201,.,123,student201@mdlcontainer.must.edu.eg
student202,student202,.,123,student202@mdlcontainer.must.edu.eg
student203,student203,.,123,student203@mdlcontainer.must.edu.eg
student204,student204,.,123,student204@mdlcontainer.must.edu.eg
student205,student205,.,123,student205@mdlcontainer.must.edu.eg
student206,student206,.,123,student206@mdlcontainer.must.edu.eg
student207,student207,.,123,student207@mdlcontainer.must.edu.eg
student208,student208,.,123,student208@mdlcontainer.must.edu.eg
student209,student209,.,123,student209@mdlcontainer.must.edu.eg
student210,student210,.,123,student210@mdlcontainer.must.edu.eg
student211,student211,.,123,student211@mdlcontainer.must.edu.eg
student212,student212,.,123,student212@mdlcontainer.must.edu.eg
student213,student213,.,123,student213@mdlcontainer.must.edu.eg
student214,student214,.,123,student214@mdlcontainer.must.edu.eg
student215,student215,.,123,student215@mdlcontainer.must.edu.eg
student216,student216,.,123,student216@mdlcontainer.must.edu.eg
student217,student217,.,123,student217@mdlcontainer.must.edu.eg
student218,student218,.,123,student218@mdlcontainer.must.edu.eg
student219,student219,.,123,student219@mdlcontainer.must.edu.eg
student220,student220,.,123,student220@mdlcontainer.must.edu.eg
student221,student221,.,123,student221@mdlcontainer.must.edu.eg
student222,student222,.,123,student222@mdlcontainer.must.edu.eg
student223,student223,.,123,student223@mdlcontainer.must.edu.eg
student224,student224,.,123,student224@mdlcontainer.must.edu.eg
student225,student225,.,123,student225@mdlcontainer.must.edu.eg
student226,student226,.,123,student226@mdlcontainer.must.edu.eg
student227,student227,.,123,student227@mdlcontainer.must.edu.eg
student228,student228,.,123,student228@mdlcontainer.must.edu.eg
student229,student229,.,123,student229@mdlcontainer.must.edu.eg
student230,student230,.,123,student230@mdlcontainer.must.edu.eg
student231,student231,.,123,student231@mdlcontainer.must.edu.eg
student232,student232,.,123,student232@mdlcontainer.must.edu.eg
student233,student233,.,123,student233@mdlcontainer.must.edu.eg
student234,student234,.,123,student234@mdlcontainer.must.edu.eg
student235,student235,.,123,student235@mdlcontainer.must.edu.eg
student236,student236,.,123,student236@mdlcontainer.must.edu.eg
student237,student237,.,123,student237@mdlcontainer.must.edu.eg
student238,student238,.,123,student238@mdlcontainer.must.edu.eg
student239,student239,.,123,student239@mdlcontainer.must.edu.eg
student240,student240,.,123,student240@mdlcontainer.must.edu.eg
student241,student241,.,123,student241@mdlcontainer.must.edu.eg
student242,student242,.,123,student242@mdlcontainer.must.edu.eg
student243,student243,.,123,student243@mdlcontainer.must.edu.eg
student244,student244,.,123,student244@mdlcontainer.must.edu.eg
student245,student245,.,123,student245@mdlcontainer.must.edu.eg
student246,student246,.,123,student246@mdlcontainer.must.edu.eg
student247,student247,.,123,student247@mdlcontainer.must.edu.eg
student248,student248,.,123,student248@mdlcontainer.must.edu.eg
student249,student249,.,123,student249@mdlcontainer.must.edu.eg
student250,student250,.,123,student250@mdlcontainer.must.edu.eg
student251,student251,.,123,student251@mdlcontainer.must.edu.eg
student252,student252,.,123,student252@mdlcontainer.must.edu.eg
student253,student253,.,123,student253@mdlcontainer.must.edu.eg
student254,student254,.,123,student254@mdlcontainer.must.edu.eg
student255,student255,.,123,student255@mdlcontainer.must.edu.eg
student256,student256,.,123,student256@mdlcontainer.must.edu.eg
student257,student257,.,123,student257@mdlcontainer.must.edu.eg
student258,student258,.,123,student258@mdlcontainer.must.edu.eg
student259,student259,.,123,student259@mdlcontainer.must.edu.eg
student260,student260,.,123,student260@mdlcontainer.must.edu.eg
student261,student261,.,123,student261@mdlcontainer.must.edu.eg
student262,student262,.,123,student262@mdlcontainer.must.edu.eg
student263,student263,.,123,student263@mdlcontainer.must.edu.eg
student264,student264,.,123,student264@mdlcontainer.must.edu.eg
student265,student265,.,123,student265@mdlcontainer.must.edu.eg
student266,student266,.,123,student266@mdlcontainer.must.edu.eg
student267,student267,.,123,student267@mdlcontainer.must.edu.eg
student268,student268,.,123,student268@mdlcontainer.must.edu.eg
student269,student269,.,123,student269@mdlcontainer.must.edu.eg
student270,student270,.,123,student270@mdlcontainer.must.edu.eg
student271,student271,.,123,student271@mdlcontainer.must.edu.eg
student272,student272,.,123,student272@mdlcontainer.must.edu.eg
student273,student273,.,123,student273@mdlcontainer.must.edu.eg
student274,student274,.,123,student274@mdlcontainer.must.edu.eg
student275,student275,.,123,student275@mdlcontainer.must.edu.eg
student276,student276,.,123,student276@mdlcontainer.must.edu.eg
student277,student277,.,123,student277@mdlcontainer.must.edu.eg
student278,student278,.,123,student278@mdlcontainer.must.edu.eg
student279,student279,.,123,student279@mdlcontainer.must.edu.eg
student280,student280,.,123,student280@mdlcontainer.must.edu.eg
student281,student281,.,123,student281@mdlcontainer.must.edu.eg
student282,student282,.,123,student282@mdlcontainer.must.edu.eg
student283,student283,.,123,student283@mdlcontainer.must.edu.eg
student284,student284,.,123,student284@mdlcontainer.must.edu.eg
student285,student285,.,123,student285@mdlcontainer.must.edu.eg
student286,student286,.,123,student286@mdlcontainer.must.edu.eg
student287,student287,.,123,student287@mdlcontainer.must.edu.eg
student288,student288,.,123,student288@mdlcontainer.must.edu.eg
student289,student289,.,123,student289@mdlcontainer.must.edu.eg
student290,student290,.,123,student290@mdlcontainer.must.edu.eg
student291,student291,.,123,student291@mdlcontainer.must.edu.eg
student292,student292,.,123,student292@mdlcontainer.must.edu.eg
student293,student293,.,123,student293@mdlcontainer.must.edu.eg
student294,student294,.,123,student294@mdlcontainer.must.edu.eg
student295,student295,.,123,student295@mdlcontainer.must.edu.eg
student296,student296,.,123,student296@mdlcontainer.must.edu.eg
student297,student297,.,123,student297@mdlcontainer.must.edu.eg
student298,student298,.,123,student298@mdlcontainer.must.edu.eg
student299,student299,.,123,student299@mdlcontainer.must.edu.eg
student300,student300,.,123,student300@mdlcontainer.must.edu.eg
student301,student301,.,123,student301@mdlcontainer.must.edu.eg
student302,student302,.,123,student302@mdlcontainer.must.edu.eg
student303,student303,.,123,student303@mdlcontainer.must.edu.eg
student304,student304,.,123,student304@mdlcontainer.must.edu.eg
student305,student305,.,123,student305@mdlcontainer.must.edu.eg
student306,student306,.,123,student306@mdlcontainer.must.edu.eg
student307,student307,.,123,student307@mdlcontainer.must.edu.eg
student308,student308,.,123,student308@mdlcontainer.must.edu.eg
student309,student309,.,123,student309@mdlcontainer.must.edu.eg
student310,student310,.,123,student310@mdlcontainer.must.edu.eg
student311,student311,.,123,student311@mdlcontainer.must.edu.eg
student312,student312,.,123,student312@mdlcontainer.must.edu.eg
student313,student313,.,123,student313@mdlcontainer.must.edu.eg
student314,student314,.,123,student314@mdlcontainer.must.edu.eg
student315,student315,.,123,student315@mdlcontainer.must.edu.eg
student316,student316,.,123,student316@mdlcontainer.must.edu.eg
student317,student317,.,123,student317@mdlcontainer.must.edu.eg
student318,student318,.,123,student318@mdlcontainer.must.edu.eg
student319,student319,.,123,student319@mdlcontainer.must.edu.eg
student320,student320,.,123,student320@mdlcontainer.must.edu.eg
student321,student321,.,123,student321@mdlcontainer.must.edu.eg
student322,student322,.,123,student322@mdlcontainer.must.edu.eg
student323,student323,.,123,student323@mdlcontainer.must.edu.eg
student324,student324,.,123,student324@mdlcontainer.must.edu.eg
student325,student325,.,123,student325@mdlcontainer.must.edu.eg
student326,student326,.,123,student326@mdlcontainer.must.edu.eg
student327,student327,.,123,student327@mdlcontainer.must.edu.eg
student328,student328,.,123,student328@mdlcontainer.must.edu.eg
student329,student329,.,123,student329@mdlcontainer.must.edu.eg
student330,student330,.,123,student330@mdlcontainer.must.edu.eg
student331,student331,.,123,student331@mdlcontainer.must.edu.eg
student332,student332,.,123,student332@mdlcontainer.must.edu.eg
student333,student333,.,123,student333@mdlcontainer.must.edu.eg
student334,student334,.,123,student334@mdlcontainer.must.edu.eg
student335,student335,.,123,student335@mdlcontainer.must.edu.eg
student336,student336,.,123,student336@mdlcontainer.must.edu.eg
student337,student337,.,123,student337@mdlcontainer.must.edu.eg
student338,student338,.,123,student338@mdlcontainer.must.edu.eg
student339,student339,.,123,student339@mdlcontainer.must.edu.eg
student340,student340,.,123,student340@mdlcontainer.must.edu.eg
student341,student341,.,123,student341@mdlcontainer.must.edu.eg
student342,student342,.,123,student342@mdlcontainer.must.edu.eg
student343,student343,.,123,student343@mdlcontainer.must.edu.eg
student344,student344,.,123,student344@mdlcontainer.must.edu.eg
student345,student345,.,123,student345@mdlcontainer.must.edu.eg
student346,student346,.,123,student346@mdlcontainer.must.edu.eg
student347,student347,.,123,student347@mdlcontainer.must.edu.eg
student348,student348,.,123,student348@mdlcontainer.must.edu.eg
student349,student349,.,123,student349@mdlcontainer.must.edu.eg
student350,student350,.,123,student350@mdlcontainer.must.edu.eg
student351,student351,.,123,student351@mdlcontainer.must.edu.eg
student352,student352,.,123,student352@mdlcontainer.must.edu.eg
student353,student353,.,123,student353@mdlcontainer.must.edu.eg
student354,student354,.,123,student354@mdlcontainer.must.edu.eg
student355,student355,.,123,student355@mdlcontainer.must.edu.eg
student356,student356,.,123,student356@mdlcontainer.must.edu.eg
student357,student357,.,123,student357@mdlcontainer.must.edu.eg
student358,student358,.,123,student358@mdlcontainer.must.edu.eg
student359,student359,.,123,student359@mdlcontainer.must.edu.eg
student360,student360,.,123,student360@mdlcontainer.must.edu.eg
student361,student361,.,123,student361@mdlcontainer.must.edu.eg
student362,student362,.,123,student362@mdlcontainer.must.edu.eg
student363,student363,.,123,student363@mdlcontainer.must.edu.eg
student364,student364,.,123,student364@mdlcontainer.must.edu.eg
student365,student365,.,123,student365@mdlcontainer.must.edu.eg
student366,student366,.,123,student366@mdlcontainer.must.edu.eg
student367,student367,.,123,student367@mdlcontainer.must.edu.eg
student368,student368,.,123,student368@mdlcontainer.must.edu.eg
student369,student369,.,123,student369@mdlcontainer.must.edu.eg
student370,student370,.,123,student370@mdlcontainer.must.edu.eg
student371,student371,.,123,student371@mdlcontainer.must.edu.eg
student372,student372,.,123,student372@mdlcontainer.must.edu.eg
student373,student373,.,123,student373@mdlcontainer.must.edu.eg
student374,student374,.,123,student374@mdlcontainer.must.edu.eg
student375,student375,.,123,student375@mdlcontainer.must.edu.eg
student376,student376,.,123,student376@mdlcontainer.must.edu.eg
student377,student377,.,123,student377@mdlcontainer.must.edu.eg
student378,student378,.,123,student378@mdlcontainer.must.edu.eg
student379,student379,.,123,student379@mdlcontainer.must.edu.eg
student380,student380,.,123,student380@mdlcontainer.must.edu.eg
student381,student381,.,123,student381@mdlcontainer.must.edu.eg
student382,student382,.,123,student382@mdlcontainer.must.edu.eg
student383,student383,.,123,student383@mdlcontainer.must.edu.eg
student384,student384,.,123,student384@mdlcontainer.must.edu.eg
student385,student385,.,123,student385@mdlcontainer.must.edu.eg
student386,student386,.,123,student386@mdlcontainer.must.edu.eg
student387,student387,.,123,student387@mdlcontainer.must.edu.eg
student388,student388,.,123,student388@mdlcontainer.must.edu.eg
student389,student389,.,123,student389@mdlcontainer.must.edu.eg
student390,student390,.,123,student390@mdlcontainer.must.edu.eg
student391,student391,.,123,student391@mdlcontainer.must.edu.eg
student392,student392,.,123,student392@mdlcontainer.must.edu.eg
student393,student393,.,123,student393@mdlcontainer.must.edu.eg
student394,student394,.,123,student394@mdlcontainer.must.edu.eg
student395,student395,.,123,student395@mdlcontainer.must.edu.eg
student396,student396,.,123,student396@mdlcontainer.must.edu.eg
student397,student397,.,123,student397@mdlcontainer.must.edu.eg
student398,student398,.,123,student398@mdlcontainer.must.edu.eg
student399,student399,.,123,student399@mdlcontainer.must.edu.eg
student400,student400,.,123,student400@mdlcontainer.must.edu.eg
student401,student401,.,123,student401@mdlcontainer.must.edu.eg
student402,student402,.,123,student402@mdlcontainer.must.edu.eg
student403,student403,.,123,student403@mdlcontainer.must.edu.eg
student404,student404,.,123,student404@mdlcontainer.must.edu.eg
student405,student405,.,123,student405@mdlcontainer.must.edu.eg
student406,student406,.,123,student406@mdlcontainer.must.edu.eg
student407,student407,.,123,student407@mdlcontainer.must.edu.eg
student408,student408,.,123,student408@mdlcontainer.must.edu.eg
student409,student409,.,123,student409@mdlcontainer.must.edu.eg
student410,student410,.,123,student410@mdlcontainer.must.edu.eg
student411,student411,.,123,student411@mdlcontainer.must.edu.eg
student412,student412,.,123,student412@mdlcontainer.must.edu.eg
student413,student413,.,123,student413@mdlcontainer.must.edu.eg
student414,student414,.,123,student414@mdlcontainer.must.edu.eg
student415,student415,.,123,student415@mdlcontainer.must.edu.eg
student416,student416,.,123,student416@mdlcontainer.must.edu.eg
student417,student417,.,123,student417@mdlcontainer.must.edu.eg
student418,student418,.,123,student418@mdlcontainer.must.edu.eg
student419,student419,.,123,student419@mdlcontainer.must.edu.eg
student420,student420,.,123,student420@mdlcontainer.must.edu.eg
student421,student421,.,123,student421@mdlcontainer.must.edu.eg
student422,student422,.,123,student422@mdlcontainer.must.edu.eg
student423,student423,.,123,student423@mdlcontainer.must.edu.eg
student424,student424,.,123,student424@mdlcontainer.must.edu.eg
student425,student425,.,123,student425@mdlcontainer.must.edu.eg
student426,student426,.,123,student426@mdlcontainer.must.edu.eg
student427,student427,.,123,student427@mdlcontainer.must.edu.eg
student428,student428,.,123,student428@mdlcontainer.must.edu.eg
student429,student429,.,123,student429@mdlcontainer.must.edu.eg
student430,student430,.,123,student430@mdlcontainer.must.edu.eg
student431,student431,.,123,student431@mdlcontainer.must.edu.eg
student432,student432,.,123,student432@mdlcontainer.must.edu.eg
student433,student433,.,123,student433@mdlcontainer.must.edu.eg
student434,student434,.,123,student434@mdlcontainer.must.edu.eg
student435,student435,.,123,student435@mdlcontainer.must.edu.eg
student436,student436,.,123,student436@mdlcontainer.must.edu.eg
student437,student437,.,123,student437@mdlcontainer.must.edu.eg
student438,student438,.,123,student438@mdlcontainer.must.edu.eg
student439,student439,.,123,student439@mdlcontainer.must.edu.eg
student440,student440,.,123,student440@mdlcontainer.must.edu.eg
student441,student441,.,123,student441@mdlcontainer.must.edu.eg
student442,student442,.,123,student442@mdlcontainer.must.edu.eg
student443,student443,.,123,student443@mdlcontainer.must.edu.eg
student444,student444,.,123,student444@mdlcontainer.must.edu.eg
student445,student445,.,123,student445@mdlcontainer.must.edu.eg
student446,student446,.,123,student446@mdlcontainer.must.edu.eg
student447,student447,.,123,student447@mdlcontainer.must.edu.eg
student448,student448,.,123,student448@mdlcontainer.must.edu.eg
student449,student449,.,123,student449@mdlcontainer.must.edu.eg
student450,student450,.,123,student450@mdlcontainer.must.edu.eg
student451,student451,.,123,student451@mdlcontainer.must.edu.eg
student452,student452,.,123,student452@mdlcontainer.must.edu.eg
student453,student453,.,123,student453@mdlcontainer.must.edu.eg
student454,student454,.,123,student454@mdlcontainer.must.edu.eg
student455,student455,.,123,student455@mdlcontainer.must.edu.eg
student456,student456,.,123,student456@mdlcontainer.must.edu.eg
student457,student457,.,123,student457@mdlcontainer.must.edu.eg
student458,student458,.,123,student458@mdlcontainer.must.edu.eg
student459,student459,.,123,student459@mdlcontainer.must.edu.eg
student460,student460,.,123,student460@mdlcontainer.must.edu.eg
student461,student461,.,123,student461@mdlcontainer.must.edu.eg
student462,student462,.,123,student462@mdlcontainer.must.edu.eg
student463,student463,.,123,student463@mdlcontainer.must.edu.eg
student464,student464,.,123,student464@mdlcontainer.must.edu.eg
student465,student465,.,123,student465@mdlcontainer.must.edu.eg
student466,student466,.,123,student466@mdlcontainer.must.edu.eg
student467,student467,.,123,student467@mdlcontainer.must.edu.eg
student468,student468,.,123,student468@mdlcontainer.must.edu.eg
student469,student469,.,123,student469@mdlcontainer.must.edu.eg
student470,student470,.,123,student470@mdlcontainer.must.edu.eg
student471,student471,.,123,student471@mdlcontainer.must.edu.eg
student472,student472,.,123,student472@mdlcontainer.must.edu.eg
student473,student473,.,123,student473@mdlcontainer.must.edu.eg
student474,student474,.,123,student474@mdlcontainer.must.edu.eg
student475,student475,.,123,student475@mdlcontainer.must.edu.eg
student476,student476,.,123,student476@mdlcontainer.must.edu.eg
student477,student477,.,123,student477@mdlcontainer.must.edu.eg
student478,student478,.,123,student478@mdlcontainer.must.edu.eg
student479,student479,.,123,student479@mdlcontainer.must.edu.eg
student480,student480,.,123,student480@mdlcontainer.must.edu.eg
student481,student481,.,123,student481@mdlcontainer.must.edu.eg
student482,student482,.,123,student482@mdlcontainer.must.edu.eg
student483,student483,.,123,student483@mdlcontainer.must.edu.eg
student484,student484,.,123,student484@mdlcontainer.must.edu.eg
student485,student485,.,123,student485@mdlcontainer.must.edu.eg
student486,student486,.,123,student486@mdlcontainer.must.edu.eg
student487,student487,.,123,student487@mdlcontainer.must.edu.eg
student488,student488,.,123,student488@mdlcontainer.must.edu.eg
student489,student489,.,123,student489@mdlcontainer.must.edu.eg
student490,student490,.,123,student490@mdlcontainer.must.edu.eg
student491,student491,.,123,student491@mdlcontainer.must.edu.eg
student492,student492,.,123,student492@mdlcontainer.must.edu.eg
student493,student493,.,123,student493@mdlcontainer.must.edu.eg
student494,student494,.,123,student494@mdlcontainer.must.edu.eg
student495,student495,.,123,student495@mdlcontainer.must.edu.eg
student496,student496,.,123,student496@mdlcontainer.must.edu.eg
student497,student497,.,123,student497@mdlcontainer.must.edu.eg
student498,student498,.,123,student498@mdlcontainer.must.edu.eg
student499,student499,.,123,student499@mdlcontainer.must.edu.eg
student500,student500,.,123,student500@mdlcontainer.must.edu.eg
student501,student501,.,123,student501@mdlcontainer.must.edu.eg
student502,student502,.,123,student502@mdlcontainer.must.edu.eg
student503,student503,.,123,student503@mdlcontainer.must.edu.eg
student504,student504,.,123,student504@mdlcontainer.must.edu.eg
student505,student505,.,123,student505@mdlcontainer.must.edu.eg
student506,student506,.,123,student506@mdlcontainer.must.edu.eg
student507,student507,.,123,student507@mdlcontainer.must.edu.eg
student508,student508,.,123,student508@mdlcontainer.must.edu.eg
student509,student509,.,123,student509@mdlcontainer.must.edu.eg
student510,student510,.,123,student510@mdlcontainer.must.edu.eg
student511,student511,.,123,student511@mdlcontainer.must.edu.eg
student512,student512,.,123,student512@mdlcontainer.must.edu.eg
student513,student513,.,123,student513@mdlcontainer.must.edu.eg
student514,student514,.,123,student514@mdlcontainer.must.edu.eg
student515,student515,.,123,student515@mdlcontainer.must.edu.eg
student516,student516,.,123,student516@mdlcontainer.must.edu.eg
student517,student517,.,123,student517@mdlcontainer.must.edu.eg
student518,student518,.,123,student518@mdlcontainer.must.edu.eg
student519,student519,.,123,student519@mdlcontainer.must.edu.eg
student520,student520,.,123,student520@mdlcontainer.must.edu.eg
student521,student521,.,123,student521@mdlcontainer.must.edu.eg
student522,student522,.,123,student522@mdlcontainer.must.edu.eg
student523,student523,.,123,student523@mdlcontainer.must.edu.eg
student524,student524,.,123,student524@mdlcontainer.must.edu.eg
student525,student525,.,123,student525@mdlcontainer.must.edu.eg
student526,student526,.,123,student526@mdlcontainer.must.edu.eg
student527,student527,.,123,student527@mdlcontainer.must.edu.eg
student528,student528,.,123,student528@mdlcontainer.must.edu.eg
student529,student529,.,123,student529@mdlcontainer.must.edu.eg
student530,student530,.,123,student530@mdlcontainer.must.edu.eg
student531,student531,.,123,student531@mdlcontainer.must.edu.eg
student532,student532,.,123,student532@mdlcontainer.must.edu.eg
student533,student533,.,123,student533@mdlcontainer.must.edu.eg
student534,student534,.,123,student534@mdlcontainer.must.edu.eg
student535,student535,.,123,student535@mdlcontainer.must.edu.eg
student536,student536,.,123,student536@mdlcontainer.must.edu.eg
student537,student537,.,123,student537@mdlcontainer.must.edu.eg
student538,student538,.,123,student538@mdlcontainer.must.edu.eg
student539,student539,.,123,student539@mdlcontainer.must.edu.eg
student540,student540,.,123,student540@mdlcontainer.must.edu.eg
student541,student541,.,123,student541@mdlcontainer.must.edu.eg
student542,student542,.,123,student542@mdlcontainer.must.edu.eg
student543,student543,.,123,student543@mdlcontainer.must.edu.eg
student544,student544,.,123,student544@mdlcontainer.must.edu.eg
student545,student545,.,123,student545@mdlcontainer.must.edu.eg
student546,student546,.,123,student546@mdlcontainer.must.edu.eg
student547,student547,.,123,student547@mdlcontainer.must.edu.eg
student548,student548,.,123,student548@mdlcontainer.must.edu.eg
student549,student549,.,123,student549@mdlcontainer.must.edu.eg
student550,student550,.,123,student550@mdlcontainer.must.edu.eg
student551,student551,.,123,student551@mdlcontainer.must.edu.eg
student552,student552,.,123,student552@mdlcontainer.must.edu.eg
student553,student553,.,123,student553@mdlcontainer.must.edu.eg
student554,student554,.,123,student554@mdlcontainer.must.edu.eg
student555,student555,.,123,student555@mdlcontainer.must.edu.eg
student556,student556,.,123,student556@mdlcontainer.must.edu.eg
student557,student557,.,123,student557@mdlcontainer.must.edu.eg
student558,student558,.,123,student558@mdlcontainer.must.edu.eg
student559,student559,.,123,student559@mdlcontainer.must.edu.eg
student560,student560,.,123,student560@mdlcontainer.must.edu.eg
student561,student561,.,123,student561@mdlcontainer.must.edu.eg
student562,student562,.,123,student562@mdlcontainer.must.edu.eg
student563,student563,.,123,student563@mdlcontainer.must.edu.eg
student564,student564,.,123,student564@mdlcontainer.must.edu.eg
student565,student565,.,123,student565@mdlcontainer.must.edu.eg
student566,student566,.,123,student566@mdlcontainer.must.edu.eg
student567,student567,.,123,student567@mdlcontainer.must.edu.eg
student568,student568,.,123,student568@mdlcontainer.must.edu.eg
student569,student569,.,123,student569@mdlcontainer.must.edu.eg
student570,student570,.,123,student570@mdlcontainer.must.edu.eg
student571,student571,.,123,student571@mdlcontainer.must.edu.eg
student572,student572,.,123,student572@mdlcontainer.must.edu.eg
student573,student573,.,123,student573@mdlcontainer.must.edu.eg
student574,student574,.,123,student574@mdlcontainer.must.edu.eg
student575,student575,.,123,student575@mdlcontainer.must.edu.eg
student576,student576,.,123,student576@mdlcontainer.must.edu.eg
student577,student577,.,123,student577@mdlcontainer.must.edu.eg
student578,student578,.,123,student578@mdlcontainer.must.edu.eg
student579,student579,.,123,student579@mdlcontainer.must.edu.eg
student580,student580,.,123,student580@mdlcontainer.must.edu.eg
student581,student581,.,123,student581@mdlcontainer.must.edu.eg
student582,student582,.,123,student582@mdlcontainer.must.edu.eg
student583,student583,.,123,student583@mdlcontainer.must.edu.eg
student584,student584,.,123,student584@mdlcontainer.must.edu.eg
student585,student585,.,123,student585@mdlcontainer.must.edu.eg
student586,student586,.,123,student586@mdlcontainer.must.edu.eg
student587,student587,.,123,student587@mdlcontainer.must.edu.eg
student588,student588,.,123,student588@mdlcontainer.must.edu.eg
student589,student589,.,123,student589@mdlcontainer.must.edu.eg
student590,student590,.,123,student590@mdlcontainer.must.edu.eg
student591,student591,.,123,student591@mdlcontainer.must.edu.eg
student592,student592,.,123,student592@mdlcontainer.must.edu.eg
student593,student593,.,123,student593@mdlcontainer.must.edu.eg
student594,student594,.,123,student594@mdlcontainer.must.edu.eg
student595,student595,.,123,student595@mdlcontainer.must.edu.eg
student596,student596,.,123,student596@mdlcontainer.must.edu.eg
student597,student597,.,123,student597@mdlcontainer.must.edu.eg
student598,student598,.,123,student598@mdlcontainer.must.edu.eg
student599,student599,.,123,student599@mdlcontainer.must.edu.eg
student600,student600,.,123,student600@mdlcontainer.must.edu.eg
student601,student601,.,123,student601@mdlcontainer.must.edu.eg
student602,student602,.,123,student602@mdlcontainer.must.edu.eg
student603,student603,.,123,student603@mdlcontainer.must.edu.eg
student604,student604,.,123,student604@mdlcontainer.must.edu.eg
student605,student605,.,123,student605@mdlcontainer.must.edu.eg
student606,student606,.,123,student606@mdlcontainer.must.edu.eg
student607,student607,.,123,student607@mdlcontainer.must.edu.eg
student608,student608,.,123,student608@mdlcontainer.must.edu.eg
student609,student609,.,123,student609@mdlcontainer.must.edu.eg
student610,student610,.,123,student610@mdlcontainer.must.edu.eg
student611,student611,.,123,student611@mdlcontainer.must.edu.eg
student612,student612,.,123,student612@mdlcontainer.must.edu.eg
student613,student613,.,123,student613@mdlcontainer.must.edu.eg
student614,student614,.,123,student614@mdlcontainer.must.edu.eg
student615,student615,.,123,student615@mdlcontainer.must.edu.eg
student616,student616,.,123,student616@mdlcontainer.must.edu.eg
student617,student617,.,123,student617@mdlcontainer.must.edu.eg
student618,student618,.,123,student618@mdlcontainer.must.edu.eg
student619,student619,.,123,student619@mdlcontainer.must.edu.eg
student620,student620,.,123,student620@mdlcontainer.must.edu.eg
student621,student621,.,123,student621@mdlcontainer.must.edu.eg
student622,student622,.,123,student622@mdlcontainer.must.edu.eg
student623,student623,.,123,student623@mdlcontainer.must.edu.eg
student624,student624,.,123,student624@mdlcontainer.must.edu.eg
student625,student625,.,123,student625@mdlcontainer.must.edu.eg
student626,student626,.,123,student626@mdlcontainer.must.edu.eg
student627,student627,.,123,student627@mdlcontainer.must.edu.eg
student628,student628,.,123,student628@mdlcontainer.must.edu.eg
student629,student629,.,123,student629@mdlcontainer.must.edu.eg
student630,student630,.,123,student630@mdlcontainer.must.edu.eg
student631,student631,.,123,student631@mdlcontainer.must.edu.eg
student632,student632,.,123,student632@mdlcontainer.must.edu.eg
student633,student633,.,123,student633@mdlcontainer.must.edu.eg
student634,student634,.,123,student634@mdlcontainer.must.edu.eg
student635,student635,.,123,student635@mdlcontainer.must.edu.eg
student636,student636,.,123,student636@mdlcontainer.must.edu.eg
student637,student637,.,123,student637@mdlcontainer.must.edu.eg
student638,student638,.,123,student638@mdlcontainer.must.edu.eg
student639,student639,.,123,student639@mdlcontainer.must.edu.eg
student640,student640,.,123,student640@mdlcontainer.must.edu.eg
student641,student641,.,123,student641@mdlcontainer.must.edu.eg
student642,student642,.,123,student642@mdlcontainer.must.edu.eg
student643,student643,.,123,student643@mdlcontainer.must.edu.eg
student644,student644,.,123,student644@mdlcontainer.must.edu.eg
student645,student645,.,123,student645@mdlcontainer.must.edu.eg
student646,student646,.,123,student646@mdlcontainer.must.edu.eg
student647,student647,.,123,student647@mdlcontainer.must.edu.eg
student648,student648,.,123,student648@mdlcontainer.must.edu.eg
student649,student649,.,123,student649@mdlcontainer.must.edu.eg
student650,student650,.,123,student650@mdlcontainer.must.edu.eg
student651,student651,.,123,student651@mdlcontainer.must.edu.eg
student652,student652,.,123,student652@mdlcontainer.must.edu.eg
student653,student653,.,123,student653@mdlcontainer.must.edu.eg
student654,student654,.,123,student654@mdlcontainer.must.edu.eg
student655,student655,.,123,student655@mdlcontainer.must.edu.eg
student656,student656,.,123,student656@mdlcontainer.must.edu.eg
student657,student657,.,123,student657@mdlcontainer.must.edu.eg
student658,student658,.,123,student658@mdlcontainer.must.edu.eg
student659,student659,.,123,student659@mdlcontainer.must.edu.eg
student660,student660,.,123,student660@mdlcontainer.must.edu.eg
student661,student661,.,123,student661@mdlcontainer.must.edu.eg
student662,student662,.,123,student662@mdlcontainer.must.edu.eg
student663,student663,.,123,student663@mdlcontainer.must.edu.eg
student664,student664,.,123,student664@mdlcontainer.must.edu.eg
student665,student665,.,123,student665@mdlcontainer.must.edu.eg
student666,student666,.,123,student666@mdlcontainer.must.edu.eg
student667,student667,.,123,student667@mdlcontainer.must.edu.eg
student668,student668,.,123,student668@mdlcontainer.must.edu.eg
student669,student669,.,123,student669@mdlcontainer.must.edu.eg
student670,student670,.,123,student670@mdlcontainer.must.edu.eg
student671,student671,.,123,student671@mdlcontainer.must.edu.eg
student672,student672,.,123,student672@mdlcontainer.must.edu.eg
student673,student673,.,123,student673@mdlcontainer.must.edu.eg
student674,student674,.,123,student674@mdlcontainer.must.edu.eg
student675,student675,.,123,student675@mdlcontainer.must.edu.eg
student676,student676,.,123,student676@mdlcontainer.must.edu.eg
student677,student677,.,123,student677@mdlcontainer.must.edu.eg
student678,student678,.,123,student678@mdlcontainer.must.edu.eg
student679,student679,.,123,student679@mdlcontainer.must.edu.eg
student680,student680,.,123,student680@mdlcontainer.must.edu.eg
student681,student681,.,123,student681@mdlcontainer.must.edu.eg
student682,student682,.,123,student682@mdlcontainer.must.edu.eg
student683,student683,.,123,student683@mdlcontainer.must.edu.eg
student684,student684,.,123,student684@mdlcontainer.must.edu.eg
student685,student685,.,123,student685@mdlcontainer.must.edu.eg
student686,student686,.,123,student686@mdlcontainer.must.edu.eg
student687,student687,.,123,student687@mdlcontainer.must.edu.eg
student688,student688,.,123,student688@mdlcontainer.must.edu.eg
student689,student689,.,123,student689@mdlcontainer.must.edu.eg
student690,student690,.,123,student690@mdlcontainer.must.edu.eg
student691,student691,.,123,student691@mdlcontainer.must.edu.eg
student692,student692,.,123,student692@mdlcontainer.must.edu.eg
student693,student693,.,123,student693@mdlcontainer.must.edu.eg
student694,student694,.,123,student694@mdlcontainer.must.edu.eg
student695,student695,.,123,student695@mdlcontainer.must.edu.eg
student696,student696,.,123,student696@mdlcontainer.must.edu.eg
student697,student697,.,123,student697@mdlcontainer.must.edu.eg
student698,student698,.,123,student698@mdlcontainer.must.edu.eg
student699,student699,.,123,student699@mdlcontainer.must.edu.eg
student700,student700,.,123,student700@mdlcontainer.must.edu.eg
student701,student701,.,123,student701@mdlcontainer.must.edu.eg
student702,student702,.,123,student702@mdlcontainer.must.edu.eg
student703,student703,.,123,student703@mdlcontainer.must.edu.eg
student704,student704,.,123,student704@mdlcontainer.must.edu.eg
student705,student705,.,123,student705@mdlcontainer.must.edu.eg
student706,student706,.,123,student706@mdlcontainer.must.edu.eg
student707,student707,.,123,student707@mdlcontainer.must.edu.eg
student708,student708,.,123,student708@mdlcontainer.must.edu.eg
student709,student709,.,123,student709@mdlcontainer.must.edu.eg
student710,student710,.,123,student710@mdlcontainer.must.edu.eg
student711,student711,.,123,student711@mdlcontainer.must.edu.eg
student712,student712,.,123,student712@mdlcontainer.must.edu.eg
student713,student713,.,123,student713@mdlcontainer.must.edu.eg
student714,student714,.,123,student714@mdlcontainer.must.edu.eg
student715,student715,.,123,student715@mdlcontainer.must.edu.eg
student716,student716,.,123,student716@mdlcontainer.must.edu.eg
student717,student717,.,123,student717@mdlcontainer.must.edu.eg
student718,student718,.,123,student718@mdlcontainer.must.edu.eg
student719,student719,.,123,student719@mdlcontainer.must.edu.eg
student720,student720,.,123,student720@mdlcontainer.must.edu.eg
student721,student721,.,123,student721@mdlcontainer.must.edu.eg
student722,student722,.,123,student722@mdlcontainer.must.edu.eg
student723,student723,.,123,student723@mdlcontainer.must.edu.eg
student724,student724,.,123,student724@mdlcontainer.must.edu.eg
student725,student725,.,123,student725@mdlcontainer.must.edu.eg
student726,student726,.,123,student726@mdlcontainer.must.edu.eg
student727,student727,.,123,student727@mdlcontainer.must.edu.eg
student728,student728,.,123,student728@mdlcontainer.must.edu.eg
student729,student729,.,123,student729@mdlcontainer.must.edu.eg
student730,student730,.,123,student730@mdlcontainer.must.edu.eg
student731,student731,.,123,student731@mdlcontainer.must.edu.eg
student732,student732,.,123,student732@mdlcontainer.must.edu.eg
student733,student733,.,123,student733@mdlcontainer.must.edu.eg
student734,student734,.,123,student734@mdlcontainer.must.edu.eg
student735,student735,.,123,student735@mdlcontainer.must.edu.eg
student736,student736,.,123,student736@mdlcontainer.must.edu.eg
student737,student737,.,123,student737@mdlcontainer.must.edu.eg
student738,student738,.,123,student738@mdlcontainer.must.edu.eg
student739,student739,.,123,student739@mdlcontainer.must.edu.eg
student740,student740,.,123,student740@mdlcontainer.must.edu.eg
student741,student741,.,123,student741@mdlcontainer.must.edu.eg
student742,student742,.,123,student742@mdlcontainer.must.edu.eg
student743,student743,.,123,student743@mdlcontainer.must.edu.eg
student744,student744,.,123,student744@mdlcontainer.must.edu.eg
student745,student745,.,123,student745@mdlcontainer.must.edu.eg
student746,student746,.,123,student746@mdlcontainer.must.edu.eg
student747,student747,.,123,student747@mdlcontainer.must.edu.eg
student748,student748,.,123,student748@mdlcontainer.must.edu.eg
student749,student749,.,123,student749@mdlcontainer.must.edu.eg
student750,student750,.,123,student750@mdlcontainer.must.edu.eg
student751,student751,.,123,student751@mdlcontainer.must.edu.eg
student752,student752,.,123,student752@mdlcontainer.must.edu.eg
student753,student753,.,123,student753@mdlcontainer.must.edu.eg
student754,student754,.,123,student754@mdlcontainer.must.edu.eg
student755,student755,.,123,student755@mdlcontainer.must.edu.eg
student756,student756,.,123,student756@mdlcontainer.must.edu.eg
student757,student757,.,123,student757@mdlcontainer.must.edu.eg
student758,student758,.,123,student758@mdlcontainer.must.edu.eg
student759,student759,.,123,student759@mdlcontainer.must.edu.eg
student760,student760,.,123,student760@mdlcontainer.must.edu.eg
student761,student761,.,123,student761@mdlcontainer.must.edu.eg
student762,student762,.,123,student762@mdlcontainer.must.edu.eg
student763,student763,.,123,student763@mdlcontainer.must.edu.eg
student764,student764,.,123,student764@mdlcontainer.must.edu.eg
student765,student765,.,123,student765@mdlcontainer.must.edu.eg
student766,student766,.,123,student766@mdlcontainer.must.edu.eg
student767,student767,.,123,student767@mdlcontainer.must.edu.eg
student768,student768,.,123,student768@mdlcontainer.must.edu.eg
student769,student769,.,123,student769@mdlcontainer.must.edu.eg
student770,student770,.,123,student770@mdlcontainer.must.edu.eg
student771,student771,.,123,student771@mdlcontainer.must.edu.eg
student772,student772,.,123,student772@mdlcontainer.must.edu.eg
student773,student773,.,123,student773@mdlcontainer.must.edu.eg
student774,student774,.,123,student774@mdlcontainer.must.edu.eg
student775,student775,.,123,student775@mdlcontainer.must.edu.eg
student776,student776,.,123,student776@mdlcontainer.must.edu.eg
student777,student777,.,123,student777@mdlcontainer.must.edu.eg
student778,student778,.,123,student778@mdlcontainer.must.edu.eg
student779,student779,.,123,student779@mdlcontainer.must.edu.eg
student780,student780,.,123,student780@mdlcontainer.must.edu.eg
student781,student781,.,123,student781@mdlcontainer.must.edu.eg
student782,student782,.,123,student782@mdlcontainer.must.edu.eg
student783,student783,.,123,student783@mdlcontainer.must.edu.eg
student784,student784,.,123,student784@mdlcontainer.must.edu.eg
student785,student785,.,123,student785@mdlcontainer.must.edu.eg
student786,student786,.,123,student786@mdlcontainer.must.edu.eg
student787,student787,.,123,student787@mdlcontainer.must.edu.eg
student788,student788,.,123,student788@mdlcontainer.must.edu.eg
student789,student789,.,123,student789@mdlcontainer.must.edu.eg
student790,student790,.,123,student790@mdlcontainer.must.edu.eg
student791,student791,.,123,student791@mdlcontainer.must.edu.eg
student792,student792,.,123,student792@mdlcontainer.must.edu.eg
student793,student793,.,123,student793@mdlcontainer.must.edu.eg
student794,student794,.,123,student794@mdlcontainer.must.edu.eg
student795,student795,.,123,student795@mdlcontainer.must.edu.eg
student796,student796,.,123,student796@mdlcontainer.must.edu.eg
student797,student797,.,123,student797@mdlcontainer.must.edu.eg
student798,student798,.,123,student798@mdlcontainer.must.edu.eg
student799,student799,.,123,student799@mdlcontainer.must.edu.eg
student800,student800,.,123,student800@mdlcontainer.must.edu.eg
student801,student801,.,123,student801@mdlcontainer.must.edu.eg
student802,student802,.,123,student802@mdlcontainer.must.edu.eg
student803,student803,.,123,student803@mdlcontainer.must.edu.eg
student804,student804,.,123,student804@mdlcontainer.must.edu.eg
student805,student805,.,123,student805@mdlcontainer.must.edu.eg
student806,student806,.,123,student806@mdlcontainer.must.edu.eg
student807,student807,.,123,student807@mdlcontainer.must.edu.eg
student808,student808,.,123,student808@mdlcontainer.must.edu.eg
student809,student809,.,123,student809@mdlcontainer.must.edu.eg
student810,student810,.,123,student810@mdlcontainer.must.edu.eg
student811,student811,.,123,student811@mdlcontainer.must.edu.eg
student812,student812,.,123,student812@mdlcontainer.must.edu.eg
student813,student813,.,123,student813@mdlcontainer.must.edu.eg
student814,student814,.,123,student814@mdlcontainer.must.edu.eg
student815,student815,.,123,student815@mdlcontainer.must.edu.eg
student816,student816,.,123,student816@mdlcontainer.must.edu.eg
student817,student817,.,123,student817@mdlcontainer.must.edu.eg
student818,student818,.,123,student818@mdlcontainer.must.edu.eg
student819,student819,.,123,student819@mdlcontainer.must.edu.eg
student820,student820,.,123,student820@mdlcontainer.must.edu.eg
student821,student821,.,123,student821@mdlcontainer.must.edu.eg
student822,student822,.,123,student822@mdlcontainer.must.edu.eg
student823,student823,.,123,student823@mdlcontainer.must.edu.eg
student824,student824,.,123,student824@mdlcontainer.must.edu.eg
student825,student825,.,123,student825@mdlcontainer.must.edu.eg
student826,student826,.,123,student826@mdlcontainer.must.edu.eg
student827,student827,.,123,student827@mdlcontainer.must.edu.eg
student828,student828,.,123,student828@mdlcontainer.must.edu.eg
student829,student829,.,123,student829@mdlcontainer.must.edu.eg
student830,student830,.,123,student830@mdlcontainer.must.edu.eg
student831,student831,.,123,student831@mdlcontainer.must.edu.eg
student832,student832,.,123,student832@mdlcontainer.must.edu.eg
student833,student833,.,123,student833@mdlcontainer.must.edu.eg
student834,student834,.,123,student834@mdlcontainer.must.edu.eg
student835,student835,.,123,student835@mdlcontainer.must.edu.eg
student836,student836,.,123,student836@mdlcontainer.must.edu.eg
student837,student837,.,123,student837@mdlcontainer.must.edu.eg
student838,student838,.,123,student838@mdlcontainer.must.edu.eg
student839,student839,.,123,student839@mdlcontainer.must.edu.eg
student840,student840,.,123,student840@mdlcontainer.must.edu.eg
student841,student841,.,123,student841@mdlcontainer.must.edu.eg
student842,student842,.,123,student842@mdlcontainer.must.edu.eg
student843,student843,.,123,student843@mdlcontainer.must.edu.eg
student844,student844,.,123,student844@mdlcontainer.must.edu.eg
student845,student845,.,123,student845@mdlcontainer.must.edu.eg
student846,student846,.,123,student846@mdlcontainer.must.edu.eg
student847,student847,.,123,student847@mdlcontainer.must.edu.eg
student848,student848,.,123,student848@mdlcontainer.must.edu.eg
student849,student849,.,123,student849@mdlcontainer.must.edu.eg
student850,student850,.,123,student850@mdlcontainer.must.edu.eg
student851,student851,.,123,student851@mdlcontainer.must.edu.eg
student852,student852,.,123,student852@mdlcontainer.must.edu.eg
student853,student853,.,123,student853@mdlcontainer.must.edu.eg
student854,student854,.,123,student854@mdlcontainer.must.edu.eg
student855,student855,.,123,student855@mdlcontainer.must.edu.eg
student856,student856,.,123,student856@mdlcontainer.must.edu.eg
student857,student857,.,123,student857@mdlcontainer.must.edu.eg
student858,student858,.,123,student858@mdlcontainer.must.edu.eg
student859,student859,.,123,student859@mdlcontainer.must.edu.eg
student860,student860,.,123,student860@mdlcontainer.must.edu.eg
student861,student861,.,123,student861@mdlcontainer.must.edu.eg
student862,student862,.,123,student862@mdlcontainer.must.edu.eg
student863,student863,.,123,student863@mdlcontainer.must.edu.eg
student864,student864,.,123,student864@mdlcontainer.must.edu.eg
student865,student865,.,123,student865@mdlcontainer.must.edu.eg
student866,student866,.,123,student866@mdlcontainer.must.edu.eg
student867,student867,.,123,student867@mdlcontainer.must.edu.eg
student868,student868,.,123,student868@mdlcontainer.must.edu.eg
student869,student869,.,123,student869@mdlcontainer.must.edu.eg
student870,student870,.,123,student870@mdlcontainer.must.edu.eg
student871,student871,.,123,student871@mdlcontainer.must.edu.eg
student872,student872,.,123,student872@mdlcontainer.must.edu.eg
student873,student873,.,123,student873@mdlcontainer.must.edu.eg
student874,student874,.,123,student874@mdlcontainer.must.edu.eg
student875,student875,.,123,student875@mdlcontainer.must.edu.eg
student876,student876,.,123,student876@mdlcontainer.must.edu.eg
student877,student877,.,123,student877@mdlcontainer.must.edu.eg
student878,student878,.,123,student878@mdlcontainer.must.edu.eg
student879,student879,.,123,student879@mdlcontainer.must.edu.eg
student880,student880,.,123,student880@mdlcontainer.must.edu.eg
student881,student881,.,123,student881@mdlcontainer.must.edu.eg
student882,student882,.,123,student882@mdlcontainer.must.edu.eg
student883,student883,.,123,student883@mdlcontainer.must.edu.eg
student884,student884,.,123,student884@mdlcontainer.must.edu.eg
student885,student885,.,123,student885@mdlcontainer.must.edu.eg
student886,student886,.,123,student886@mdlcontainer.must.edu.eg
student887,student887,.,123,student887@mdlcontainer.must.edu.eg
student888,student888,.,123,student888@mdlcontainer.must.edu.eg
student889,student889,.,123,student889@mdlcontainer.must.edu.eg
student890,student890,.,123,student890@mdlcontainer.must.edu.eg
student891,student891,.,123,student891@mdlcontainer.must.edu.eg
student892,student892,.,123,student892@mdlcontainer.must.edu.eg
student893,student893,.,123,student893@mdlcontainer.must.edu.eg
student894,student894,.,123,student894@mdlcontainer.must.edu.eg
student895,student895,.,123,student895@mdlcontainer.must.edu.eg
student896,student896,.,123,student896@mdlcontainer.must.edu.eg
student897,student897,.,123,student897@mdlcontainer.must.edu.eg
student898,student898,.,123,student898@mdlcontainer.must.edu.eg
student899,student899,.,123,student899@mdlcontainer.must.edu.eg
student900,student900,.,123,student900@mdlcontainer.must.edu.eg
student901,student901,.,123,student901@mdlcontainer.must.edu.eg
student902,student902,.,123,student902@mdlcontainer.must.edu.eg
student903,student903,.,123,student903@mdlcontainer.must.edu.eg
student904,student904,.,123,student904@mdlcontainer.must.edu.eg
student905,student905,.,123,student905@mdlcontainer.must.edu.eg
student906,student906,.,123,student906@mdlcontainer.must.edu.eg
student907,student907,.,123,student907@mdlcontainer.must.edu.eg
student908,student908,.,123,student908@mdlcontainer.must.edu.eg
student909,student909,.,123,student909@mdlcontainer.must.edu.eg
student910,student910,.,123,student910@mdlcontainer.must.edu.eg
student911,student911,.,123,student911@mdlcontainer.must.edu.eg
student912,student912,.,123,student912@mdlcontainer.must.edu.eg
student913,student913,.,123,student913@mdlcontainer.must.edu.eg
student914,student914,.,123,student914@mdlcontainer.must.edu.eg
student915,student915,.,123,student915@mdlcontainer.must.edu.eg
student916,student916,.,123,student916@mdlcontainer.must.edu.eg
student917,student917,.,123,student917@mdlcontainer.must.edu.eg
student918,student918,.,123,student918@mdlcontainer.must.edu.eg
student919,student919,.,123,student919@mdlcontainer.must.edu.eg
student920,student920,.,123,student920@mdlcontainer.must.edu.eg
student921,student921,.,123,student921@mdlcontainer.must.edu.eg
student922,student922,.,123,student922@mdlcontainer.must.edu.eg
student923,student923,.,123,student923@mdlcontainer.must.edu.eg
student924,student924,.,123,student924@mdlcontainer.must.edu.eg
student925,student925,.,123,student925@mdlcontainer.must.edu.eg
student926,student926,.,123,student926@mdlcontainer.must.edu.eg
student927,student927,.,123,student927@mdlcontainer.must.edu.eg
student928,student928,.,123,student928@mdlcontainer.must.edu.eg
student929,student929,.,123,student929@mdlcontainer.must.edu.eg
student930,student930,.,123,student930@mdlcontainer.must.edu.eg
student931,student931,.,123,student931@mdlcontainer.must.edu.eg
student932,student932,.,123,student932@mdlcontainer.must.edu.eg
student933,student933,.,123,student933@mdlcontainer.must.edu.eg
student934,student934,.,123,student934@mdlcontainer.must.edu.eg
student935,student935,.,123,student935@mdlcontainer.must.edu.eg
student936,student936,.,123,student936@mdlcontainer.must.edu.eg
student937,student937,.,123,student937@mdlcontainer.must.edu.eg
student938,student938,.,123,student938@mdlcontainer.must.edu.eg
student939,student939,.,123,student939@mdlcontainer.must.edu.eg
student940,student940,.,123,student940@mdlcontainer.must.edu.eg
student941,student941,.,123,student941@mdlcontainer.must.edu.eg
student942,student942,.,123,student942@mdlcontainer.must.edu.eg
student943,student943,.,123,student943@mdlcontainer.must.edu.eg
student944,student944,.,123,student944@mdlcontainer.must.edu.eg
student945,student945,.,123,student945@mdlcontainer.must.edu.eg
student946,student946,.,123,student946@mdlcontainer.must.edu.eg
student947,student947,.,123,student947@mdlcontainer.must.edu.eg
student948,student948,.,123,student948@mdlcontainer.must.edu.eg
student949,student949,.,123,student949@mdlcontainer.must.edu.eg
student950,student950,.,123,student950@mdlcontainer.must.edu.eg
student951,student951,.,123,student951@mdlcontainer.must.edu.eg
student952,student952,.,123,student952@mdlcontainer.must.edu.eg
student953,student953,.,123,student953@mdlcontainer.must.edu.eg
student954,student954,.,123,student954@mdlcontainer.must.edu.eg
student955,student955,.,123,student955@mdlcontainer.must.edu.eg
student956,student956,.,123,student956@mdlcontainer.must.edu.eg
student957,student957,.,123,student957@mdlcontainer.must.edu.eg
student958,student958,.,123,student958@mdlcontainer.must.edu.eg
student959,student959,.,123,student959@mdlcontainer.must.edu.eg
student960,student960,.,123,student960@mdlcontainer.must.edu.eg
student961,student961,.,123,student961@mdlcontainer.must.edu.eg
student962,student962,.,123,student962@mdlcontainer.must.edu.eg
student963,student963,.,123,student963@mdlcontainer.must.edu.eg
student964,student964,.,123,student964@mdlcontainer.must.edu.eg
student965,student965,.,123,student965@mdlcontainer.must.edu.eg
student966,student966,.,123,student966@mdlcontainer.must.edu.eg
student967,student967,.,123,student967@mdlcontainer.must.edu.eg
student968,student968,.,123,student968@mdlcontainer.must.edu.eg
student969,student969,.,123,student969@mdlcontainer.must.edu.eg
student970,student970,.,123,student970@mdlcontainer.must.edu.eg
student971,student971,.,123,student971@mdlcontainer.must.edu.eg
student972,student972,.,123,student972@mdlcontainer.must.edu.eg
student973,student973,.,123,student973@mdlcontainer.must.edu.eg
student974,student974,.,123,student974@mdlcontainer.must.edu.eg
student975,student975,.,123,student975@mdlcontainer.must.edu.eg
student976,student976,.,123,student976@mdlcontainer.must.edu.eg
student977,student977,.,123,student977@mdlcontainer.must.edu.eg
student978,student978,.,123,student978@mdlcontainer.must.edu.eg
student979,student979,.,123,student979@mdlcontainer.must.edu.eg
student980,student980,.,123,student980@mdlcontainer.must.edu.eg
student981,student981,.,123,student981@mdlcontainer.must.edu.eg
student982,student982,.,123,student982@mdlcontainer.must.edu.eg
student983,student983,.,123,student983@mdlcontainer.must.edu.eg
student984,student984,.,123,student984@mdlcontainer.must.edu.eg
student985,student985,.,123,student985@mdlcontainer.must.edu.eg
student986,student986,.,123,student986@mdlcontainer.must.edu.eg
student987,student987,.,123,student987@mdlcontainer.must.edu.eg
student988,student988,.,123,student988@mdlcontainer.must.edu.eg
student989,student989,.,123,student989@mdlcontainer.must.edu.eg
student990,student990,.,123,student990@mdlcontainer.must.edu.eg
student991,student991,.,123,student991@mdlcontainer.must.edu.eg
student992,student992,.,123,student992@mdlcontainer.must.edu.eg
student993,student993,.,123,student993@mdlcontainer.must.edu.eg
student994,student994,.,123,student994@mdlcontainer.must.edu.eg
student995,student995,.,123,student995@mdlcontainer.must.edu.eg
student996,student996,.,123,student996@mdlcontainer.must.edu.eg
student997,student997,.,123,student997@mdlcontainer.must.edu.eg
student998,student998,.,123,student998@mdlcontainer.must.edu.eg
student999,student999,.,123,student999@mdlcontainer.must.edu.eg